Spearman_rho,p,p_spin
-0.167232889262129,0.172483839174302,0.2935
