Spearman_rho,p,p_spin
0.360461121502462,0.00267849297041621,0.026
