Spearman_rho,p,p_spin
-0.402221628430736,0.000741443194702852,0.0025
