Spearman_rho,p,p_spin
0.298545634996374,0.0136851265690601,0.0465
