Spearman_rho,p,p_spin
-0.339924418826583,0.00476264758167654,0.0475
