Spearman_rho,p,p_spin
-0.152231171508188,0.214706593758077,0.2925
