Spearman_rho,p,p_spin
-0.214985828105804,0.0783059857146645,0.051
