Spearman_rho,p,p_spin
-0.139901515440699,0.254520122676678,0.214
