Spearman_rho,p,p_spin
0.144520364927282,0.239052590043806,0.147
