Spearman_rho,p,p_spin
-0.118569983588484,0.335533234203857,0.063
