Spearman_rho,p,p_spin
-0.113829827842883,0.354497585029241,0.207
