Spearman_rho,p,p_spin
0.146823314373599,0.232174184472176,0.0975
