Spearman_rho,p,p_spin
0.27656305277679,0.0224278320241768,0.0095
