Spearman_rho,p,p_spin
0.110915997204231,0.367874336489268,0.408
