Spearman_rho,p,p_spin
-0.0152507110249837,0.901761735219557,0.5165
