Spearman_rho,p,p_spin
-0.195480398518914,0.110065608664565,0.251
