Spearman_rho,p,p_spin
0.0642058250944765,0.602145894284144,0.3405
