Spearman_rho,p,p_spin
-0.255067374126808,0.0360735073486647,0.0845
