Spearman_rho,p,p_spin
0.0881780356529374,0.473676917864801,0.2695
