Spearman_rho,p,p_spin
0.272535528162538,0.0245464519707332,0.013
