Spearman_rho,p,p_spin
-0.184903464162383,0.131162395189169,0.074
