Spearman_rho,p,p_spin
-0.511547123716456,1.11381903203731e-05,0.0045
