Spearman_rho,p,p_spin
0.363324044737947,0.00246494375882049,0.011
