Spearman_rho,p,p_spin
-0.0466083902736955,0.705241711779015,0.452
