Spearman_rho,p,p_spin
-0.0133228989930396,0.91412948077507,0.403
