Spearman_rho,p,p_spin
-0.0326210405960063,0.791715927182966,0.438
