Spearman_rho,p,p_spin
-0.134107003331084,0.275578380117182,0.064
