Spearman_rho,p,p_spin
0.0474522568295328,0.700783333620602,0.344
