Spearman_rho,p,p_spin
-0.166393098446387,0.174672836909546,0.216
