Spearman_rho,p,p_spin
-0.0443218585511565,0.719679041908078,0.3465
