Spearman_rho,p,p_spin
-0.257620584110395,0.0339259971350416,0.0255
