Spearman_rho,p,p_spin
0.0654501728468952,0.595918614720294,0.397
