Spearman_rho,p,p_spin
-0.0654273390082834,0.595242846036119,0.424
