Spearman_rho,p,p_spin
-0.217543993587052,0.0748406650463644,0.2595
