Spearman_rho,p,p_spin
-0.0892927021112448,0.468989946575751,0.2545
