Spearman_rho,p,p_spin
0.0931022636179715,0.44925458907885,0.267
