Spearman_rho,p,p_spin
-0.0316466569204294,0.797803418183266,0.4235
