Spearman_rho,p,p_spin
-0.197732564797496,0.105967137111685,0.2555
