Spearman_rho,p,p_spin
0.368782685040272,0.0020996661145759,0.008
