Spearman_rho,p,p_spin
-0.200187055356733,0.101673429544898,0.057
