Spearman_rho,p,p_spin
0.0506928274229874,0.680745440492806,0.419
