Spearman_rho,p,p_spin
-0.0428711861782505,0.728493484594105,0.357
