Spearman_rho,p,p_spin
-0.0829866015192579,0.500182205760096,0.3205
