Spearman_rho,p,p_spin
-0.109373061799366,0.374616232463814,0.1845
