Spearman_rho,p,p_spin
-0.0144299593678194,0.907024536748402,0.471
