Spearman_rho,p,p_spin
0.206466759896432,0.0911701037271176,0.134
