Spearman_rho,p,p_spin
0.0235161626765826,0.849034640896502,0.4375
