Spearman_rho,p,p_spin
0.197864076546636,0.105788995265713,0.0425
