Spearman_rho,p,p_spin
-0.233990571283199,0.0547927511172795,0.016
