Spearman_rho,p,p_spin
-0.177997480627553,0.146186584882211,0.1895
