Spearman_rho,p,p_spin
-0.210558460892469,0.0848487641998176,0.147
