Spearman_rho,p,p_spin
-0.071534908577318,0.561272984156471,0.297
