Spearman_rho,p,p_spin
0.0947136357152622,0.442322073688034,0.167
