Spearman_rho,p,p_spin
-0.122215647926121,0.320778445233347,0.17
