Spearman_rho,p,p_spin
0.011681395678711,0.924676587051359,0.525
