Spearman_rho,p,p_spin
0.100303487404618,0.415734128826569,0.2605
