Spearman_rho,p,p_spin
0.17415703592625,0.155494029188189,0.0415
