Spearman_rho,p,p_spin
0.139474513537167,0.256640218853192,0.072
