Spearman_rho,p,p_spin
0.0358659656406646,0.771534379771434,0.381
