Spearman_rho,p,p_spin
0.0667671929479263,0.58852616892636,0.389
