Spearman_rho,p,p_spin
0.174629230497592,0.154359107572109,0.175
